"File Permission","Absolute URL","File Type"
"(-rw-r--r--)","http://substack.net/images/1up.png","png"
"(-rw-r--r--)","http://substack.net/images/1up.png","png"
"(-rw-r--r--)","http://substack.net/images/1up.png","png"
"(-rw-r--r--)","http://substack.net/images/1up.png","png"
"(-rw-r--r--)","http://substack.net/images/1up.png","png"
"(-rw-r--r--)","http://substack.net/images/1up.png","png"
"(-rw-r--r--)","http://substack.net/images/1up.png","png"
"(-rw-r--r--)","http://substack.net/images/1up.png","png"
"(-rw-r--r--)","http://substack.net/images/1up.png","png"
"(-rw-r--r--)","http://substack.net/images/1up.png","png"
"(-rw-r--r--)","http://substack.net/images/1up.png","png"
"(-rw-r--r--)","http://substack.net/images/1up.png","png"
"(-rw-r--r--)","http://substack.net/images/1up.png","png"
"(-rw-r--r--)","http://substack.net/images/1up.png","png"
"(-rw-r--r--)","http://substack.net/images/1up.png","png"
"(-rw-r--r--)","http://substack.net/images/1up.png","png"
"(-rw-r--r--)","http://substack.net/images/1up.png","png"
"(-rw-r--r--)","http://substack.net/images/1up.png","png"
"(-rw-r--r--)","http://substack.net/images/1up.png","png"
"(-rw-r--r--)","http://substack.net/images/1up.png","png"
"(-rw-r--r--)","http://substack.net/images/1up.png","png"
"(-rw-r--r--)","http://substack.net/images/1up.png","png"
"(-rw-r--r--)","http://substack.net/images/1up.png","png"
"(-rw-r--r--)","http://substack.net/images/1up.png","png"
"(-rw-r--r--)","http://substack.net/images/1up.png","png"
"(-rw-r--r--)","http://substack.net/images/1up.png","png"
"(-rw-r--r--)","http://substack.net/images/1up.png","png"
"(-rw-r--r--)","http://substack.net/images/1up.png","png"
"(-rw-r--r--)","http://substack.net/images/1up.png","png"
"(-rw-r--r--)","http://substack.net/images/1up.png","png"
"(-rw-r--r--)","http://substack.net/images/1up.png","png"
"(-rw-r--r--)","http://substack.net/images/1up.png","png"
"(-rw-r--r--)","http://substack.net/images/1up.png","png"
"(-rw-r--r--)","http://substack.net/images/1up.png","png"
"(-rw-r--r--)","http://substack.net/images/1up.png","png"
"(-rw-r--r--)","http://substack.net/images/1up.png","png"
"(-rw-r--r--)","http://substack.net/images/1up.png","png"
"(-rw-r--r--)","http://substack.net/images/1up.png","png"
"(-rw-r--r--)","http://substack.net/images/1up.png","png"
"(-rw-r--r--)","http://substack.net/images/1up.png","png"
"(-rw-r--r--)","http://substack.net/images/1up.png","png"
"(-rw-r--r--)","http://substack.net/images/1up.png","png"
"(-rw-r--r--)","http://substack.net/images/1up.png","png"
"(-rw-r--r--)","http://substack.net/images/1up.png","png"
"(-rw-r--r--)","http://substack.net/images/1up.png","png"
"(-rw-r--r--)","http://substack.net/images/1up.png","png"
"(-rw-r--r--)","http://substack.net/images/1up.png","png"
"(-rw-r--r--)","http://substack.net/images/1up.png","png"
"(-rw-r--r--)","http://substack.net/images/1up.png","png"
"(-rw-r--r--)","http://substack.net/images/1up.png","png"
"(-rw-r--r--)","http://substack.net/images/1up.png","png"
"(-rw-r--r--)","http://substack.net/images/1up.png","png"
"(-rw-r--r--)","http://substack.net/images/1up.png","png"
"(-rw-r--r--)","http://substack.net/images/1up.png","png"
"(-rw-r--r--)","http://substack.net/images/1up.png","png"
"(-rw-r--r--)","http://substack.net/images/1up.png","png"
"(-rw-r--r--)","http://substack.net/images/1up.png","png"
"(-rw-r--r--)","http://substack.net/images/1up.png","png"
"(-rw-r--r--)","http://substack.net/images/1up.png","png"
"(-rw-r--r--)","http://substack.net/images/1up.png","png"
"(-rw-r--r--)","http://substack.net/images/1up.png","png"
"(-rw-r--r--)","http://substack.net/images/1up.png","png"
"(-rw-r--r--)","http://substack.net/images/1up.png","png"
"(-rw-r--r--)","http://substack.net/images/1up.png","png"
"(-rw-r--r--)","http://substack.net/images/1up.png","png"
"(-rw-r--r--)","http://substack.net/images/1up.png","png"
"(-rw-r--r--)","http://substack.net/images/1up.png","png"
"(-rw-r--r--)","http://substack.net/images/1up.png","png"
"(-rw-r--r--)","http://substack.net/images/1up.png","png"
"(-rw-r--r--)","http://substack.net/images/1up.png","png"
"(-rw-r--r--)","http://substack.net/images/1up.png","png"
"(-rw-r--r--)","http://substack.net/images/1up.png","png"
"(-rw-r--r--)","http://substack.net/images/1up.png","png"
"(-rw-r--r--)","http://substack.net/images/1up.png","png"
"(-rw-r--r--)","http://substack.net/images/1up.png","png"
"(-rw-r--r--)","http://substack.net/images/1up.png","png"
"(-rw-r--r--)","http://substack.net/images/1up.png","png"
"(-rw-r--r--)","http://substack.net/images/1up.png","png"
"(-rw-r--r--)","http://substack.net/images/1up.png","png"
"(-rw-r--r--)","http://substack.net/images/1up.png","png"
"(-rw-r--r--)","http://substack.net/images/1up.png","png"
"(-rw-r--r--)","http://substack.net/images/1up.png","png"
"(-rw-r--r--)","http://substack.net/images/1up.png","png"
"(-rw-r--r--)","http://substack.net/images/1up.png","png"
"(-rw-r--r--)","http://substack.net/images/1up.png","png"
"(-rw-r--r--)","http://substack.net/images/1up.png","png"
"(-rw-r--r--)","http://substack.net/images/1up.png","png"
"(-rw-r--r--)","http://substack.net/images/1up.png","png"
"(-rw-r--r--)","http://substack.net/images/1up.png","png"
"(-rw-r--r--)","http://substack.net/images/1up.png","png"
"(-rw-r--r--)","http://substack.net/images/1up.png","png"
"(-rw-r--r--)","http://substack.net/images/1up.png","png"
"(-rw-r--r--)","http://substack.net/images/1up.png","png"
"(-rw-r--r--)","http://substack.net/images/1up.png","png"
"(-rw-r--r--)","http://substack.net/images/1up.png","png"
"(-rw-r--r--)","http://substack.net/images/1up.png","png"
"(-rw-r--r--)","http://substack.net/images/1up.png","png"
"(-rw-r--r--)","http://substack.net/images/1up.png","png"
"(-rw-r--r--)","http://substack.net/images/1up.png","png"
"(-rw-r--r--)","http://substack.net/images/1up.png","png"
"(-rw-r--r--)","http://substack.net/images/1up.png","png"
"(-rw-r--r--)","http://substack.net/images/1up.png","png"
"(-rw-r--r--)","http://substack.net/images/1up.png","png"
"(-rw-r--r--)","http://substack.net/images/1up.png","png"
"(-rw-r--r--)","http://substack.net/images/1up.png","png"
"(-rw-r--r--)","http://substack.net/images/1up.png","png"
"(-rw-r--r--)","http://substack.net/images/1up.png","png"
"(-rw-r--r--)","http://substack.net/images/1up.png","png"
"(-rw-r--r--)","http://substack.net/images/1up.png","png"
"(-rw-r--r--)","http://substack.net/images/1up.png","png"
"(-rw-r--r--)","http://substack.net/images/1up.png","png"
"(-rw-r--r--)","http://substack.net/images/1up.png","png"
"(-rw-r--r--)","http://substack.net/images/1up.png","png"
"(-rw-r--r--)","http://substack.net/images/1up.png","png"
"(-rw-r--r--)","http://substack.net/images/1up.png","png"
"(-rw-r--r--)","http://substack.net/images/1up.png","png"
"(-rw-r--r--)","http://substack.net/images/1up.png","png"
"(-rw-r--r--)","http://substack.net/images/1up.png","png"
"(-rw-r--r--)","http://substack.net/images/1up.png","png"
"(-rw-r--r--)","http://substack.net/images/1up.png","png"
"(-rw-r--r--)","http://substack.net/images/1up.png","png"
"(-rw-r--r--)","http://substack.net/images/1up.png","png"
"(-rw-r--r--)","http://substack.net/images/1up.png","png"
"(-rw-r--r--)","http://substack.net/images/1up.png","png"
"(-rw-r--r--)","http://substack.net/images/1up.png","png"
"(-rw-r--r--)","http://substack.net/images/1up.png","png"
"(-rw-r--r--)","http://substack.net/images/1up.png","png"
"(-rw-r--r--)","http://substack.net/images/1up.png","png"
"(-rw-r--r--)","http://substack.net/images/1up.png","png"
"(-rw-r--r--)","http://substack.net/images/1up.png","png"
"(-rw-r--r--)","http://substack.net/images/1up.png","png"
"(-rw-r--r--)","http://substack.net/images/1up.png","png"
"(-rw-r--r--)","http://substack.net/images/1up.png","png"
"(-rw-r--r--)","http://substack.net/images/1up.png","png"
"(-rw-r--r--)","http://substack.net/images/1up.png","png"
"(-rw-r--r--)","http://substack.net/images/1up.png","png"
"(-rw-r--r--)","http://substack.net/images/1up.png","png"
"(-rw-r--r--)","http://substack.net/images/1up.png","png"
"(-rw-r--r--)","http://substack.net/images/1up.png","png"
"(-rw-r--r--)","http://substack.net/images/1up.png","png"
"(-rw-r--r--)","http://substack.net/images/1up.png","png"
"(-rw-r--r--)","http://substack.net/images/1up.png","png"
"(-rw-r--r--)","http://substack.net/images/1up.png","png"
"(-rw-r--r--)","http://substack.net/images/1up.png","png"
"(-rw-r--r--)","http://substack.net/images/1up.png","png"
"(-rw-r--r--)","http://substack.net/images/1up.png","png"
"(-rw-r--r--)","http://substack.net/images/1up.png","png"
"(-rw-r--r--)","http://substack.net/images/1up.png","png"
"(-rw-r--r--)","http://substack.net/images/1up.png","png"
"(-rw-r--r--)","http://substack.net/images/1up.png","png"
"(-rw-r--r--)","http://substack.net/images/1up.png","png"
"(-rw-r--r--)","http://substack.net/images/1up.png","png"
"(-rw-r--r--)","http://substack.net/images/1up.png","png"
"(-rw-r--r--)","http://substack.net/images/1up.png","png"
"(-rw-r--r--)","http://substack.net/images/1up.png","png"
"(-rw-r--r--)","http://substack.net/images/1up.png","png"
"(-rw-r--r--)","http://substack.net/images/1up.png","png"
"(-rw-r--r--)","http://substack.net/images/1up.png","png"
"(-rw-r--r--)","http://substack.net/images/1up.png","png"
"(-rw-r--r--)","http://substack.net/images/1up.png","png"
"(-rw-r--r--)","http://substack.net/images/1up.png","png"
"(-rw-r--r--)","http://substack.net/images/1up.png","png"
"(-rw-r--r--)","http://substack.net/images/1up.png","png"
"(-rw-r--r--)","http://substack.net/images/1up.png","png"
"(-rw-r--r--)","http://substack.net/images/1up.png","png"
"(-rw-r--r--)","http://substack.net/images/1up.png","png"
"(-rw-r--r--)","http://substack.net/images/1up.png","png"
"(-rw-r--r--)","http://substack.net/images/1up.png","png"
"(-rw-r--r--)","http://substack.net/images/1up.png","png"
"(-rw-r--r--)","http://substack.net/images/1up.png","png"
"(-rw-r--r--)","http://substack.net/images/1up.png","png"
"(-rw-r--r--)","http://substack.net/images/1up.png","png"
"(-rw-r--r--)","http://substack.net/images/1up.png","png"
"(-rw-r--r--)","http://substack.net/images/1up.png","png"
"(-rw-r--r--)","http://substack.net/images/1up.png","png"
"(-rw-r--r--)","http://substack.net/images/1up.png","png"
"(-rw-r--r--)","http://substack.net/images/1up.png","png"
"(-rw-r--r--)","http://substack.net/images/1up.png","png"
"(-rw-r--r--)","http://substack.net/images/1up.png","png"
"(-rw-r--r--)","http://substack.net/images/1up.png","png"
"(-rw-r--r--)","http://substack.net/images/1up.png","png"
"(-rw-r--r--)","http://substack.net/images/1up.png","png"
"(-rw-r--r--)","http://substack.net/images/1up.png","png"
"(-rw-r--r--)","http://substack.net/images/1up.png","png"
"(-rw-r--r--)","http://substack.net/images/1up.png","png"
"(-rw-r--r--)","http://substack.net/images/1up.png","png"
"(-rw-r--r--)","http://substack.net/images/1up.png","png"
"(-rw-r--r--)","http://substack.net/images/1up.png","png"
"(-rw-r--r--)","http://substack.net/images/1up.png","png"
"(-rw-r--r--)","http://substack.net/images/1up.png","png"
"(-rw-r--r--)","http://substack.net/images/1up.png","png"
"(-rw-r--r--)","http://substack.net/images/1up.png","png"
"(-rw-r--r--)","http://substack.net/images/1up.png","png"
"(-rw-r--r--)","http://substack.net/images/1up.png","png"
"(-rw-r--r--)","http://substack.net/images/1up.png","png"
"(-rw-r--r--)","http://substack.net/images/1up.png","png"
"(-rw-r--r--)","http://substack.net/images/1up.png","png"
"(-rw-r--r--)","http://substack.net/images/1up.png","png"
"(-rw-r--r--)","http://substack.net/images/1up.png","png"
"(-rw-r--r--)","http://substack.net/images/1up.png","png"
"(-rw-r--r--)","http://substack.net/images/1up.png","png"
"(-rw-r--r--)","http://substack.net/images/1up.png","png"
"(-rw-r--r--)","http://substack.net/images/1up.png","png"
"(-rw-r--r--)","http://substack.net/images/1up.png","png"
"(-rw-r--r--)","http://substack.net/images/1up.png","png"
"(-rw-r--r--)","http://substack.net/images/1up.png","png"
"(-rw-r--r--)","http://substack.net/images/1up.png","png"
"(-rw-r--r--)","http://substack.net/images/1up.png","png"
"(-rw-r--r--)","http://substack.net/images/1up.png","png"
"(-rw-r--r--)","http://substack.net/images/1up.png","png"
"(-rw-r--r--)","http://substack.net/images/1up.png","png"
"(-rw-r--r--)","http://substack.net/images/1up.png","png"
"(-rw-r--r--)","http://substack.net/images/1up.png","png"
"(-rw-r--r--)","http://substack.net/images/1up.png","png"
"(-rw-r--r--)","http://substack.net/images/1up.png","png"
"(-rw-r--r--)","http://substack.net/images/1up.png","png"
"(-rw-r--r--)","http://substack.net/images/1up.png","png"
"(-rw-r--r--)","http://substack.net/images/1up.png","png"
"(-rw-r--r--)","http://substack.net/images/1up.png","png"
"(-rw-r--r--)","http://substack.net/images/1up.png","png"
"(-rw-r--r--)","http://substack.net/images/1up.png","png"
"(-rw-r--r--)","http://substack.net/images/1up.png","png"
"(-rw-r--r--)","http://substack.net/images/1up.png","png"
"(-rw-r--r--)","http://substack.net/images/1up.png","png"
"(-rw-r--r--)","http://substack.net/images/1up.png","png"
"(-rw-r--r--)","http://substack.net/images/1up.png","png"
"(-rw-r--r--)","http://substack.net/images/1up.png","png"
"(-rw-r--r--)","http://substack.net/images/1up.png","png"
"(-rw-r--r--)","http://substack.net/images/1up.png","png"
"(-rw-r--r--)","http://substack.net/images/1up.png","png"
"(-rw-r--r--)","http://substack.net/images/1up.png","png"
"(-rw-r--r--)","http://substack.net/images/1up.png","png"
"(-rw-r--r--)","http://substack.net/images/1up.png","png"
"(-rw-r--r--)","http://substack.net/images/1up.png","png"
"(-rw-r--r--)","http://substack.net/images/1up.png","png"
"(-rw-r--r--)","http://substack.net/images/1up.png","png"
"(-rw-r--r--)","http://substack.net/images/1up.png","png"
"(-rw-r--r--)","http://substack.net/images/1up.png","png"
"(-rw-r--r--)","http://substack.net/images/1up.png","png"
"(-rw-r--r--)","http://substack.net/images/1up.png","png"
"(-rw-r--r--)","http://substack.net/images/1up.png","png"
"(-rw-r--r--)","http://substack.net/images/1up.png","png"
"(-rw-r--r--)","http://substack.net/images/1up.png","png"
"(-rw-r--r--)","http://substack.net/images/1up.png","png"
"(-rw-r--r--)","http://substack.net/images/1up.png","png"
"(-rw-r--r--)","http://substack.net/images/1up.png","png"
"(-rw-r--r--)","http://substack.net/images/1up.png","png"
"(-rw-r--r--)","http://substack.net/images/1up.png","png"
"(-rw-r--r--)","http://substack.net/images/1up.png","png"
"(-rw-r--r--)","http://substack.net/images/1up.png","png"
"(-rw-r--r--)","http://substack.net/images/1up.png","png"
"(-rw-r--r--)","http://substack.net/images/1up.png","png"
"(-rw-r--r--)","http://substack.net/images/1up.png","png"
"(-rw-r--r--)","http://substack.net/images/1up.png","png"
"(-rw-r--r--)","http://substack.net/images/1up.png","png"
"(-rw-r--r--)","http://substack.net/images/1up.png","png"
"(-rw-r--r--)","http://substack.net/images/1up.png","png"
"(-rw-r--r--)","http://substack.net/images/1up.png","png"
"(-rw-r--r--)","http://substack.net/images/1up.png","png"
"(-rw-r--r--)","http://substack.net/images/1up.png","png"
"(-rw-r--r--)","http://substack.net/images/1up.png","png"
"(-rw-r--r--)","http://substack.net/images/1up.png","png"
"(-rw-r--r--)","http://substack.net/images/1up.png","png"
"(-rw-r--r--)","http://substack.net/images/1up.png","png"
"(-rw-r--r--)","http://substack.net/images/1up.png","png"
"(-rw-r--r--)","http://substack.net/images/1up.png","png"
"(-rw-r--r--)","http://substack.net/images/1up.png","png"
"(-rw-r--r--)","http://substack.net/images/1up.png","png"
"(-rw-r--r--)","http://substack.net/images/1up.png","png"
"(-rw-r--r--)","http://substack.net/images/1up.png","png"
"(-rw-r--r--)","http://substack.net/images/1up.png","png"
"(-rw-r--r--)","http://substack.net/images/1up.png","png"
"(-rw-r--r--)","http://substack.net/images/1up.png","png"
"(-rw-r--r--)","http://substack.net/images/1up.png","png"
"(-rw-r--r--)","http://substack.net/images/1up.png","png"
"(-rw-r--r--)","http://substack.net/images/1up.png","png"
"(-rw-r--r--)","http://substack.net/images/1up.png","png"
"(-rw-r--r--)","http://substack.net/images/1up.png","png"
"(-rw-r--r--)","http://substack.net/images/1up.png","png"
"(-rw-r--r--)","http://substack.net/images/1up.png","png"
"(-rw-r--r--)","http://substack.net/images/1up.png","png"
"(-rw-r--r--)","http://substack.net/images/1up.png","png"
"(-rw-r--r--)","http://substack.net/images/1up.png","png"
"(-rw-r--r--)","http://substack.net/images/1up.png","png"
"(-rw-r--r--)","http://substack.net/images/1up.png","png"
"(-rw-r--r--)","http://substack.net/images/1up.png","png"
"(-rw-r--r--)","http://substack.net/images/1up.png","png"
"(-rw-r--r--)","http://substack.net/images/1up.png","png"
"(-rw-r--r--)","http://substack.net/images/1up.png","png"
"(-rw-r--r--)","http://substack.net/images/1up.png","png"
"(-rw-r--r--)","http://substack.net/images/1up.png","png"
"(-rw-r--r--)","http://substack.net/images/1up.png","png"
"(-rw-r--r--)","http://substack.net/images/1up.png","png"
"(-rw-r--r--)","http://substack.net/images/1up.png","png"
"(-rw-r--r--)","http://substack.net/images/1up.png","png"
"(-rw-r--r--)","http://substack.net/images/1up.png","png"
"(-rw-r--r--)","http://substack.net/images/1up.png","png"
"(-rw-r--r--)","http://substack.net/images/1up.png","png"
"(-rw-r--r--)","http://substack.net/images/1up.png","png"
"(-rw-r--r--)","http://substack.net/images/1up.png","png"
"(-rw-r--r--)","http://substack.net/images/1up.png","png"
"(-rw-r--r--)","http://substack.net/images/1up.png","png"
"(-rw-r--r--)","http://substack.net/images/1up.png","png"
"(-rw-r--r--)","http://substack.net/images/1up.png","png"
"(-rw-r--r--)","http://substack.net/images/1up.png","png"
"(-rw-r--r--)","http://substack.net/images/1up.png","png"
"(-rw-r--r--)","http://substack.net/images/1up.png","png"
"(-rw-r--r--)","http://substack.net/images/1up.png","png"
"(-rw-r--r--)","http://substack.net/images/1up.png","png"
"(-rw-r--r--)","http://substack.net/images/1up.png","png"
"(-rw-r--r--)","http://substack.net/images/1up.png","png"
"(-rw-r--r--)","http://substack.net/images/1up.png","png"
"(-rw-r--r--)","http://substack.net/images/1up.png","png"
"(-rw-r--r--)","http://substack.net/images/1up.png","png"
"(-rw-r--r--)","http://substack.net/images/1up.png","png"
"(-rw-r--r--)","http://substack.net/images/1up.png","png"
"(-rw-r--r--)","http://substack.net/images/1up.png","png"
"(-rw-r--r--)","http://substack.net/images/1up.png","png"
"(-rw-r--r--)","http://substack.net/images/1up.png","png"
"(-rw-r--r--)","http://substack.net/images/1up.png","png"
"(-rw-r--r--)","http://substack.net/images/1up.png","png"
"(-rw-r--r--)","http://substack.net/images/1up.png","png"
"(-rw-r--r--)","http://substack.net/images/1up.png","png"
"(-rw-r--r--)","http://substack.net/images/1up.png","png"
"(-rw-r--r--)","http://substack.net/images/1up.png","png"
"(-rw-r--r--)","http://substack.net/images/1up.png","png"
"(-rw-r--r--)","http://substack.net/images/1up.png","png"
"(-rw-r--r--)","http://substack.net/images/1up.png","png"
"(-rw-r--r--)","http://substack.net/images/1up.png","png"
"(-rw-r--r--)","http://substack.net/images/1up.png","png"
"(-rw-r--r--)","http://substack.net/images/1up.png","png"
"(-rw-r--r--)","http://substack.net/images/1up.png","png"
"(-rw-r--r--)","http://substack.net/images/1up.png","png"
"(-rw-r--r--)","http://substack.net/images/1up.png","png"
"(-rw-r--r--)","http://substack.net/images/1up.png","png"
"(-rw-r--r--)","http://substack.net/images/1up.png","png"
"(-rw-r--r--)","http://substack.net/images/1up.png","png"
"(-rw-r--r--)","http://substack.net/images/1up.png","png"
"(-rw-r--r--)","http://substack.net/images/1up.png","png"
"(-rw-r--r--)","http://substack.net/images/1up.png","png"
"(-rw-r--r--)","http://substack.net/images/1up.png","png"
"(-rw-r--r--)","http://substack.net/images/1up.png","png"
"(-rw-r--r--)","http://substack.net/images/1up.png","png"
"(-rw-r--r--)","http://substack.net/images/1up.png","png"
"(-rw-r--r--)","http://substack.net/images/1up.png","png"
"(-rw-r--r--)","http://substack.net/images/1up.png","png"
"(-rw-r--r--)","http://substack.net/images/1up.png","png"
"(-rw-r--r--)","http://substack.net/images/1up.png","png"
"(-rw-r--r--)","http://substack.net/images/1up.png","png"
"(-rw-r--r--)","http://substack.net/images/1up.png","png"
"(-rw-r--r--)","http://substack.net/images/1up.png","png"
"(-rw-r--r--)","http://substack.net/images/1up.png","png"
"(-rw-r--r--)","http://substack.net/images/1up.png","png"
"(-rw-r--r--)","http://substack.net/images/1up.png","png"
"(-rw-r--r--)","http://substack.net/images/1up.png","png"
"(-rw-r--r--)","http://substack.net/images/1up.png","png"
"(-rw-r--r--)","http://substack.net/images/1up.png","png"
"(-rw-r--r--)","http://substack.net/images/1up.png","png"
"(-rw-r--r--)","http://substack.net/images/1up.png","png"
"(-rw-r--r--)","http://substack.net/images/1up.png","png"
"(-rw-r--r--)","http://substack.net/images/1up.png","png"
"(-rw-r--r--)","http://substack.net/images/1up.png","png"
"(-rw-r--r--)","http://substack.net/images/1up.png","png"
"(-rw-r--r--)","http://substack.net/images/1up.png","png"
"(-rw-r--r--)","http://substack.net/images/1up.png","png"
"(-rw-r--r--)","http://substack.net/images/1up.png","png"
"(-rw-r--r--)","http://substack.net/images/1up.png","png"
"(-rw-r--r--)","http://substack.net/images/1up.png","png"
"(-rw-r--r--)","http://substack.net/images/1up.png","png"
"(-rw-r--r--)","http://substack.net/images/1up.png","png"
"(-rw-r--r--)","http://substack.net/images/1up.png","png"
"(-rw-r--r--)","http://substack.net/images/1up.png","png"
"(-rw-r--r--)","http://substack.net/images/1up.png","png"
"(-rw-r--r--)","http://substack.net/images/1up.png","png"
"(-rw-r--r--)","http://substack.net/images/1up.png","png"
"(-rw-r--r--)","http://substack.net/images/1up.png","png"
"(-rw-r--r--)","http://substack.net/images/1up.png","png"
"(-rw-r--r--)","http://substack.net/images/1up.png","png"
"(-rw-r--r--)","http://substack.net/images/1up.png","png"
"(-rw-r--r--)","http://substack.net/images/1up.png","png"
"(-rw-r--r--)","http://substack.net/images/1up.png","png"
"(-rw-r--r--)","http://substack.net/images/1up.png","png"
"(-rw-r--r--)","http://substack.net/images/1up.png","png"
"(-rw-r--r--)","http://substack.net/images/1up.png","png"
"(-rw-r--r--)","http://substack.net/images/1up.png","png"
"(-rw-r--r--)","http://substack.net/images/1up.png","png"
"(-rw-r--r--)","http://substack.net/images/1up.png","png"
"(-rw-r--r--)","http://substack.net/images/1up.png","png"
"(-rw-r--r--)","http://substack.net/images/1up.png","png"
"(-rw-r--r--)","http://substack.net/images/1up.png","png"
"(-rw-r--r--)","http://substack.net/images/1up.png","png"
"(-rw-r--r--)","http://substack.net/images/1up.png","png"
"(-rw-r--r--)","http://substack.net/images/1up.png","png"
"(-rw-r--r--)","http://substack.net/images/1up.png","png"
"(-rw-r--r--)","http://substack.net/images/1up.png","png"
"(-rw-r--r--)","http://substack.net/images/1up.png","png"
"(-rw-r--r--)","http://substack.net/images/1up.png","png"
"(-rw-r--r--)","http://substack.net/images/1up.png","png"
"(-rw-r--r--)","http://substack.net/images/1up.png","png"
"(-rw-r--r--)","http://substack.net/images/1up.png","png"
"(-rw-r--r--)","http://substack.net/images/1up.png","png"
"(-rw-r--r--)","http://substack.net/images/1up.png","png"
"(-rw-r--r--)","http://substack.net/images/1up.png","png"
"(-rw-r--r--)","http://substack.net/images/1up.png","png"
"(-rw-r--r--)","http://substack.net/images/1up.png","png"
"(-rw-r--r--)","http://substack.net/images/1up.png","png"
"(-rw-r--r--)","http://substack.net/images/1up.png","png"
"(-rw-r--r--)","http://substack.net/images/1up.png","png"
"(-rw-r--r--)","http://substack.net/images/1up.png","png"
"(-rw-r--r--)","http://substack.net/images/1up.png","png"
"(-rw-r--r--)","http://substack.net/images/1up.png","png"
"(-rw-r--r--)","http://substack.net/images/1up.png","png"
"(-rw-r--r--)","http://substack.net/images/1up.png","png"
"(-rw-r--r--)","http://substack.net/images/1up.png","png"
"(-rw-r--r--)","http://substack.net/images/1up.png","png"
"(-rw-r--r--)","http://substack.net/images/1up.png","png"
"(-rw-r--r--)","http://substack.net/images/1up.png","png"
"(-rw-r--r--)","http://substack.net/images/1up.png","png"
"(-rw-r--r--)","http://substack.net/images/1up.png","png"
"(-rw-r--r--)","http://substack.net/images/1up.png","png"
"(-rw-r--r--)","http://substack.net/images/1up.png","png"